Layout Id,Layout Name,Tab Name,Created By Id,Modified By Id,Created Time,Modified Time,Status
zcrm_6789162000000091001,Standard,Visits,,,,,false
zcrm_6789162000000091005,Standard,Calls,,zcrm_6789162000000560001,,2025-05-14 11:29:38,false
zcrm_6789162000000091009,Standard,Products,,zcrm_6789162000000560001,,2025-06-27 14:51:27,false
zcrm_6789162000000091011,Standard,Solutions,,,,,false
zcrm_6789162000000091013,Standard,PriceBooks,,,,,false
zcrm_6789162000000091015,Standard,Vendors,,,,,false
zcrm_6789162000000091017,Standard,Quotes,,zcrm_6789162000000560001,,2025-06-29 11:46:50,false
zcrm_6789162000000091019,Standard,Campaigns,,,,,false
zcrm_6789162000000091023,Standard,Potentials,,zcrm_6789162000000560001,,2025-08-01 01:22:45,false
zcrm_6789162000000091027,Standard,Cases,,,,,false
zcrm_6789162000000091029,Standard,Accounts,,zcrm_6789162000000560001,,2025-08-01 00:58:52,false
zcrm_6789162000000091033,Standard,Contacts,,zcrm_6789162000000560001,,2025-08-01 00:54:25,false
zcrm_6789162000000091041,Standard,SalesOrders,,zcrm_6789162000000560001,,2025-06-27 14:52:03,false
zcrm_6789162000000091043,Standard,PurchaseOrders,,,,,false
zcrm_6789162000000091045,Standard,Invoices,,zcrm_6789162000000560001,,2025-06-27 14:52:39,false
zcrm_6789162000000091049,Standard,Users,,,,,false
zcrm_6789162000000091053,Standard,Tasks,,,,,false
zcrm_6789162000000091055,Standard,Leads,,zcrm_6789162000000560001,,2025-07-11 14:49:58,false
zcrm_6789162000000091057,Standard,Events,,,,,false
zcrm_6789162000000141039,Standard,CheckLists,,,,,false
zcrm_6789162000000163003,Standard,DealContactRole,,,,,false
zcrm_6789162000000173003,Standard,AccountProductRelations,,,,,false
zcrm_6789162000000173015,Standard,LeadProductRelations,,,,,false
zcrm_6789162000000173027,Standard,ContactProductRelations,,,,,false
zcrm_6789162000000173039,Standard,DealProductRelations,,,,,false
zcrm_6789162000000174003,Standard,DealHistory,,,2018-08-27 06:48:37,2018-08-27 06:48:37,false
zcrm_6789162000000212003,Standard,Invitees,,,,,false
zcrm_6789162000000228208,Standard,Review Processes,,,,,false
zcrm_6789162000000233418,Standard,QuotedItems,,,,,false
zcrm_6789162000000233836,Standard,OrderedItems,,,,,false
zcrm_6789162000000234254,Standard,PurchaseItems,,,,,false
zcrm_6789162000000234672,Standard,InvoicedItems,,zcrm_6789162000000560001,,2025-05-30 18:36:15,false
zcrm_6789162000000264024,Standard,Fields,,,,,false
zcrm_6789162000000464073,Standard,Automation_Cadences,,,,,false
zcrm_6789162000000464075,Standard,Cadences_Followups,,,,,false
zcrm_6789162000000464077,Standard,Entity_Cadences,,,,,false
zcrm_6789162000000504076,Standard,PreferredTeamMembers,,,,,false
zcrm_6789162000000504078,Standard,TeamSelling,,,,,false
zcrm_6789162000000801991,Standard,CustomModule1,zcrm_6789162000000560001,zcrm_6789162000000560001,2025-05-14 11:28:53,2025-05-14 11:28:53,false
zcrm_6789162000000803170,Standard,CustomModule2,zcrm_6789162000000560001,zcrm_6789162000000560001,2025-05-14 11:28:55,2025-05-14 11:28:55,false
zcrm_6789162000000804291,Standard,CustomModule3,zcrm_6789162000000560001,zcrm_6789162000000560001,2025-05-14 11:28:55,2025-05-14 11:28:55,false
zcrm_6789162000000804514,Standard,Global Fileupload,,,,,false
zcrm_6789162000000804936,Standard,Services,,zcrm_6789162000000560001,,2025-06-02 10:22:34,false
zcrm_6789162000000804938,Standard,LinkingModule1,,,,,false
zcrm_6789162000000804940,Standard,Appointments,,zcrm_6789162000000560001,,2025-06-02 10:39:12,false
zcrm_6789162000000811337,Standard,LinkingModule2,,,2025-05-14 11:33:32,2025-05-14 11:33:32,false
zcrm_6789162000000909934,Standard,CustomModule4,zcrm_6789162000000560001,zcrm_6789162000000560001,2025-05-15 23:25:48,2025-05-15 23:25:48,false
zcrm_6789162000000987988,Standard,CustomModule6,zcrm_6789162000000560001,zcrm_6789162000000560001,2025-05-17 13:22:45,2025-05-17 13:22:45,false
zcrm_6789162000000999217,Standard,CustomModule7,zcrm_6789162000000560001,zcrm_6789162000000560001,2025-05-17 13:22:46,2025-05-17 13:22:46,false
zcrm_6789162000001000446,Standard,CustomModule8,zcrm_6789162000000560001,zcrm_6789162000000560001,2025-05-17 13:22:46,2025-05-17 13:22:46,false
zcrm_6789162000001283358,Standard,LinkingModule3,zcrm_6789162000000560001,zcrm_6789162000000560001,2025-05-21 18:55:20,2025-05-21 18:55:20,false
zcrm_6789162000001389570,Standard,CustomModule9,zcrm_6789162000000560001,zcrm_6789162000000560001,2025-05-24 12:17:42,2025-05-27 20:38:20,false
zcrm_6789162000001396190,Standard,Global Imageupload,,,,,false
zcrm_6789162000001418089,Portal,Cases,zcrm_6789162000000560001,zcrm_6789162000000560001,2025-05-25 17:40:19,2025-05-25 17:45:47,false
zcrm_6789162000001418432,Standard,LinkingModule4,zcrm_6789162000000560001,zcrm_6789162000000560001,2025-05-25 17:40:22,2025-05-25 17:40:22,false
zcrm_6789162000001506092,Portal,CustomModule9,zcrm_6789162000000560001,zcrm_6789162000000560001,2025-05-27 20:58:09,2025-05-27 20:58:55,false
zcrm_6789162000001618075,Standard,LinkingModule5,zcrm_6789162000000560001,zcrm_6789162000000560001,2025-05-30 18:14:10,2025-05-30 18:14:10,false
zcrm_6789162000001628061,Standard,CustomModule5,zcrm_6789162000000560001,zcrm_6789162000000560001,2025-05-30 18:20:41,2025-06-27 14:53:35,false
zcrm_6789162000002333036,Service,Products,zcrm_6789162000000560001,zcrm_6789162000000560001,2025-06-29 07:22:22,2025-06-29 08:06:34,false
zcrm_6789162000002457001,Standard,CustomModule14,zcrm_6789162000000560001,zcrm_6789162000000560001,2025-07-03 08:36:44,2025-07-04 04:43:20,false
zcrm_6789162000002459175,Standard,LinkingModule6,zcrm_6789162000000560001,zcrm_6789162000000560001,2025-07-03 08:40:29,2025-07-03 08:40:29,false
zcrm_6789162000002469426,Outbound,CustomModule14,zcrm_6789162000000560001,zcrm_6789162000000560001,2025-07-03 10:06:04,2025-07-04 04:42:04,false
zcrm_6789162000003063001,Standard,CustomModule10,zcrm_6789162000000560001,zcrm_6789162000000560001,2025-08-03 04:07:21,2025-08-03 04:31:11,false
